rank,file,t_sec,score,U,A,D,n_boxes,n_ambiguous,empty,selected
1,frame_0079.jpg,31.6,0.8193,0.7936,0.875,0.8,11,7,False,True
2,frame_0031.jpg,12.4,0.817,0.784,0.75,1.0,13,6,False,True
3,frame_0002.jpg,0.8,0.8082,0.7664,0.75,1.0,11,6,False,True
4,frame_0124.jpg,49.6,0.7742,0.8265,0.75,0.68,12,6,False,True
5,frame_0068.jpg,27.2,0.7563,0.7376,0.625,1.0,13,5,False,True
6,frame_0328.jpg,131.2,0.7492,0.8665,1.0,0.08,16,8,False,True
7,frame_0291.jpg,116.4,0.7284,0.8207,0.5,0.84,9,4,False,True
8,frame_0074.jpg,29.6,0.7265,0.753,0.5,1.0,11,4,False,True
9,frame_0067.jpg,26.8,0.7151,0.6553,0.625,1.0,17,5,False,False
10,frame_0021.jpg,8.4,0.7099,0.5698,0.75,1.0,8,6,False,True
11,frame_0377.jpg,150.8,0.7074,0.9168,0.75,0.12,14,6,False,True
12,frame_0070.jpg,28.0,0.7003,0.6256,0.625,1.0,17,5,False,False
13,frame_0297.jpg,118.8,0.6779,0.7408,0.625,0.6,8,5,False,True
14,frame_0284.jpg,113.6,0.6777,0.8315,0.5,0.56,11,4,False,True
15,frame_0073.jpg,29.2,0.6746,0.7243,0.375,1.0,10,3,False,False
16,frame_0379.jpg,151.6,0.6736,0.7313,1.0,0.04,20,8,False,False
17,frame_0069.jpg,27.6,0.6675,0.71,0.375,1.0,12,3,False,False
18,frame_0007.jpg,2.8,0.6672,0.7094,0.375,1.0,7,3,False,False
19,frame_0078.jpg,31.2,0.6613,0.6865,0.5,0.84,12,4,False,False
20,frame_0333.jpg,133.2,0.6606,0.7642,0.875,0.08,12,7,False,False
21,frame_0283.jpg,113.2,0.6604,0.7378,0.625,0.52,10,5,False,False
22,frame_0000.jpg,0.0,0.6603,0.6206,0.5,1.0,11,4,False,False
23,frame_0114.jpg,45.6,0.6552,0.7483,0.75,0.28,12,6,False,False
24,frame_0385.jpg,154.0,0.6546,0.6292,1.0,0.2,15,8,False,False
25,frame_0076.jpg,30.4,0.6543,0.5656,0.625,0.92,10,5,False,False
26,frame_0186.jpg,74.4,0.649,0.8321,0.75,0.04,12,6,False,False
27,frame_0077.jpg,30.8,0.6439,0.7107,0.375,0.88,7,3,False,False
28,frame_0278.jpg,111.2,0.6439,0.7847,0.625,0.32,8,5,False,False
29,frame_0169.jpg,67.6,0.6426,0.7022,0.625,0.52,12,5,False,False
30,frame_0071.jpg,28.4,0.6421,0.6592,0.375,1.0,11,3,False,False
31,frame_0367.jpg,146.8,0.6386,0.7202,0.875,0.08,16,7,False,False
32,frame_0276.jpg,110.4,0.6364,0.8768,0.5,0.24,15,4,False,False
33,frame_0081.jpg,32.4,0.6345,0.531,0.75,0.72,13,6,False,False
34,frame_0374.jpg,149.6,0.6337,0.8124,0.625,0.2,12,5,False,False
35,frame_0127.jpg,50.8,0.6314,0.7928,0.25,0.8,9,2,False,False
36,frame_0387.jpg,154.8,0.6305,0.656,0.875,0.2,18,7,False,False
37,frame_0287.jpg,114.8,0.627,0.6819,0.5,0.68,10,4,False,False
38,frame_0029.jpg,11.6,0.626,0.627,0.375,1.0,12,3,False,False
39,frame_0330.jpg,132.0,0.625,0.9339,0.5,0.04,14,4,False,False
40,frame_0389.jpg,155.6,0.6229,0.7477,0.75,0.12,17,6,False,False
41,frame_0176.jpg,70.4,0.6228,0.6995,0.75,0.24,14,6,False,False
42,frame_0030.jpg,12.0,0.6213,0.5426,0.5,1.0,11,4,False,False
43,frame_0003.jpg,1.2,0.6209,0.6167,0.375,1.0,9,3,False,False
44,frame_0126.jpg,50.4,0.6194,0.7098,0.375,0.76,11,3,False,False
45,frame_0298.jpg,119.2,0.6147,0.7053,0.5,0.56,7,4,False,False
46,frame_0378.jpg,151.2,0.6121,0.8172,0.625,0.08,12,5,False,False
47,frame_0329.jpg,131.6,0.6112,0.7404,0.75,0.08,15,6,False,False
48,frame_0221.jpg,88.4,0.6111,0.7512,0.625,0.24,13,5,False,False
49,frame_0286.jpg,114.4,0.6021,0.7233,0.375,0.64,10,3,False,False
50,frame_0001.jpg,0.4,0.6003,0.5756,0.375,1.0,13,3,False,False
51,frame_0231.jpg,92.4,0.5964,0.7538,0.625,0.16,12,5,False,False
52,frame_0088.jpg,35.2,0.5961,0.6412,0.625,0.44,9,5,False,False
53,frame_0277.jpg,110.8,0.5871,0.7622,0.5,0.28,14,4,False,False
54,frame_0132.jpg,52.8,0.5858,0.4716,0.5,1.0,12,4,False,False
55,frame_0123.jpg,49.2,0.584,0.5371,0.625,0.64,11,5,False,False
56,frame_0396.jpg,158.4,0.5822,0.7254,0.625,0.16,10,5,False,False
57,frame_0033.jpg,13.2,0.5811,0.5372,0.375,1.0,11,3,False,False
58,frame_0028.jpg,11.2,0.5807,0.4614,0.5,1.0,8,4,False,False
59,frame_0279.jpg,111.6,0.58,0.7911,0.375,0.36,10,3,False,False
60,frame_0032.jpg,12.8,0.5797,0.4594,0.5,1.0,12,4,False,False
61,frame_0014.jpg,5.6,0.5793,0.5336,0.375,1.0,5,3,False,False
62,frame_0280.jpg,112.0,0.5771,0.7692,0.375,0.4,11,3,False,False
63,frame_0304.jpg,121.6,0.5751,0.7221,0.5,0.32,11,4,False,False
64,frame_0288.jpg,115.2,0.5748,0.5617,0.5,0.72,12,4,False,False
65,frame_0075.jpg,30.0,0.5741,0.6143,0.25,0.96,10,2,False,False
66,frame_0332.jpg,132.8,0.5707,0.7504,0.625,0.04,12,5,False,False
67,frame_0318.jpg,127.2,0.5695,0.668,0.625,0.24,14,5,False,False
68,frame_0097.jpg,38.8,0.5683,0.6546,0.75,0.08,14,6,False,False
69,frame_0376.jpg,150.4,0.5628,0.7616,0.5,0.16,12,4,False,False
70,frame_0004.jpg,1.6,0.5625,0.5,0.375,1.0,10,3,False,False
71,frame_0080.jpg,32.0,0.5601,0.5162,0.5,0.76,11,4,False,False
72,frame_0315.jpg,126.0,0.5596,0.6213,0.75,0.12,13,6,False,False
73,frame_0016.jpg,6.4,0.5584,0.4918,0.375,1.0,9,3,False,False
74,frame_0106.jpg,42.4,0.5568,0.6476,0.75,0.04,15,6,False,False
75,frame_0294.jpg,117.6,0.5563,0.6746,0.25,0.72,7,2,False,False
76,frame_0290.jpg,116.0,0.5543,0.5636,0.375,0.8,11,3,False,False
77,frame_0015.jpg,6.0,0.552,0.479,0.375,1.0,9,3,False,False
78,frame_0130.jpg,52.0,0.5519,0.5858,0.25,0.92,8,2,False,False
79,frame_0229.jpg,91.6,0.5508,0.6946,0.625,0.08,12,5,False,False
80,frame_0302.jpg,120.8,0.5493,0.6386,0.5,0.4,9,4,False,False
81,frame_0282.jpg,112.8,0.5484,0.5297,0.625,0.48,8,5,False,False
82,frame_0012.jpg,4.8,0.5475,0.47,0.375,1.0,8,3,False,False
83,frame_0303.jpg,121.2,0.5473,0.6506,0.5,0.36,11,4,False,False
84,frame_0026.jpg,10.4,0.5464,0.3928,0.5,1.0,10,4,False,False
85,frame_0381.jpg,152.4,0.5459,0.5508,0.875,0.04,14,7,False,False
86,frame_0293.jpg,117.2,0.5386,0.6981,0.125,0.76,10,1,False,False
87,frame_0072.jpg,28.8,0.5376,0.5252,0.25,1.0,13,2,False,False
88,frame_0386.jpg,154.4,0.5372,0.6034,0.625,0.24,14,5,False,False
89,frame_0185.jpg,74.0,0.5364,0.6658,0.625,0.08,10,5,False,False
90,frame_0373.jpg,149.2,0.5359,0.7077,0.5,0.16,13,4,False,False
91,frame_0388.jpg,155.2,0.534,0.554,0.75,0.16,14,6,False,False
92,frame_0113.jpg,45.2,0.5338,0.5216,0.75,0.24,13,6,False,False
93,frame_0327.jpg,130.8,0.5336,0.7512,0.5,0.04,14,4,False,False
94,frame_0383.jpg,153.2,0.5328,0.7176,0.5,0.12,13,4,False,False
95,frame_0128.jpg,51.2,0.5326,0.6543,0.125,0.84,9,1,False,False
96,frame_0390.jpg,156.0,0.5323,0.6577,0.625,0.08,10,5,False,False
97,frame_0230.jpg,92.0,0.5295,0.6361,0.625,0.12,13,5,False,False
98,frame_0391.jpg,156.4,0.5267,0.6623,0.625,0.04,12,5,False,False
99,frame_0168.jpg,67.2,0.5262,0.6033,0.375,0.56,11,3,False,False
100,frame_0319.jpg,127.6,0.5247,0.6374,0.5,0.28,9,4,False,False
101,frame_0117.jpg,46.8,0.5209,0.5817,0.5,0.4,12,4,False,False
102,frame_0129.jpg,51.6,0.5196,0.4621,0.375,0.88,9,3,False,False
103,frame_0131.jpg,52.4,0.5161,0.4983,0.25,0.96,6,2,False,False
104,frame_0095.jpg,38.0,0.5132,0.7375,0.375,0.16,10,3,False,False
105,frame_0320.jpg,128.0,0.512,0.628,0.5,0.24,12,4,False,False
106,frame_0273.jpg,109.2,0.5118,0.6756,0.5,0.12,12,4,False,False
107,frame_0170.jpg,68.0,0.5111,0.6801,0.25,0.48,11,2,False,False
108,frame_0301.jpg,120.4,0.51,0.619,0.375,0.44,11,3,False,False
109,frame_0006.jpg,2.4,0.5095,0.5441,0.125,1.0,9,1,False,False
110,frame_0167.jpg,66.8,0.509,0.5529,0.375,0.6,13,3,False,False
111,frame_0292.jpg,116.8,0.509,0.5479,0.25,0.8,9,2,False,False
112,frame_0208.jpg,83.2,0.5087,0.5634,0.25,0.76,12,2,False,False
113,frame_0203.jpg,81.2,0.5076,0.4592,0.5,0.64,7,4,False,False
114,frame_0232.jpg,92.8,0.5064,0.5578,0.625,0.2,14,5,False,False
115,frame_0177.jpg,70.8,0.5055,0.6309,0.5,0.2,14,4,False,False
116,frame_0090.jpg,36.0,0.5042,0.5644,0.5,0.36,10,4,False,False
117,frame_0083.jpg,33.2,0.5029,0.5248,0.375,0.64,7,3,False,False
118,frame_0321.jpg,128.4,0.5021,0.6243,0.5,0.2,11,4,False,False
119,frame_0013.jpg,5.2,0.4994,0.4488,0.25,1.0,8,2,False,False
120,frame_0375.jpg,150.0,0.4974,0.6899,0.375,0.2,12,3,False,False
121,frame_0274.jpg,109.6,0.497,0.705,0.375,0.16,14,3,False,False
122,frame_0305.jpg,122.0,0.4967,0.5815,0.5,0.28,9,4,False,False
123,frame_0020.jpg,8.0,0.493,0.361,0.375,1.0,9,3,False,False
124,frame_0133.jpg,53.2,0.4928,0.4356,0.25,1.0,13,2,False,False
125,frame_0175.jpg,70.0,0.4924,0.4977,0.625,0.28,12,5,False,False
126,frame_0011.jpg,4.4,0.4897,0.3545,0.375,1.0,7,3,False,False
127,frame_0215.jpg,86.0,0.4896,0.5622,0.375,0.48,10,3,False,False
128,frame_0094.jpg,37.6,0.4891,0.6732,0.375,0.2,9,3,False,False
129,frame_0086.jpg,34.4,0.4869,0.4658,0.5,0.52,10,4,False,False
130,frame_0306.jpg,122.4,0.4843,0.7226,0.25,0.24,10,2,False,False
131,frame_0393.jpg,157.2,0.4835,0.6509,0.5,0.04,9,4,False,False
132,frame_0395.jpg,158.0,0.4835,0.694,0.375,0.12,8,3,False,False
133,frame_0116.jpg,46.4,0.4803,0.6666,0.25,0.36,16,2,False,False
134,frame_0382.jpg,152.8,0.48,0.553,0.625,0.08,11,5,False,False
135,frame_0371.jpg,148.4,0.4789,0.7009,0.375,0.08,14,3,False,False
136,frame_0018.jpg,7.2,0.4776,0.4052,0.25,1.0,6,2,False,False
137,frame_0098.jpg,39.2,0.4735,0.7061,0.375,0.04,15,3,False,False
138,frame_0089.jpg,35.6,0.4729,0.4858,0.5,0.4,11,4,False,False
139,frame_0105.jpg,42.0,0.4684,0.6798,0.375,0.08,14,3,False,False
140,frame_0308.jpg,123.2,0.4683,0.5726,0.5,0.16,9,4,False,False
141,frame_0122.jpg,48.8,0.4676,0.6203,0.125,0.6,10,1,False,False
142,frame_0399.jpg,159.6,0.4663,0.5206,0.5,0.28,14,4,False,False
143,frame_0314.jpg,125.6,0.4659,0.5998,0.5,0.08,10,4,False,False
144,frame_0008.jpg,3.2,0.4647,0.3794,0.25,1.0,6,2,False,False
145,frame_0368.jpg,147.2,0.4647,0.6135,0.5,0.04,14,4,False,False
146,frame_0225.jpg,90.0,0.4639,0.6708,0.375,0.08,12,3,False,False
147,frame_0397.jpg,158.8,0.4633,0.6216,0.375,0.2,11,3,False,False
148,frame_0268.jpg,107.2,0.4602,0.5135,0.625,0.08,7,5,False,False
149,frame_0296.jpg,118.4,0.4593,0.5126,0.25,0.64,9,2,False,False
150,frame_0005.jpg,2.0,0.4586,0.3671,0.25,1.0,4,2,False,False
151,frame_0272.jpg,108.8,0.4583,0.5846,0.5,0.08,10,4,False,False
152,frame_0121.jpg,48.4,0.4543,0.5346,0.25,0.56,9,2,False,False
153,frame_0184.jpg,73.6,0.4539,0.6508,0.375,0.08,6,3,False,False
154,frame_0285.jpg,114.0,0.4526,0.5151,0.25,0.6,9,2,False,False
155,frame_0108.jpg,43.2,0.4508,0.5856,0.5,0.04,12,4,False,False
156,frame_0178.jpg,71.2,0.4492,0.6094,0.375,0.16,14,3,False,False
157,frame_0193.jpg,77.2,0.4461,0.5712,0.375,0.24,7,3,False,False
158,frame_0206.jpg,82.4,0.4457,0.3624,0.375,0.76,7,3,False,False
159,frame_0202.jpg,80.8,0.4448,0.4996,0.25,0.6,5,2,False,False
160,frame_0275.jpg,110.0,0.4423,0.7295,0.125,0.2,14,1,False,False
161,frame_0316.jpg,126.4,0.4398,0.5906,0.375,0.16,11,3,False,False
162,frame_0118.jpg,47.2,0.438,0.55,0.25,0.44,11,2,False,False
163,frame_0173.jpg,69.2,0.433,0.4971,0.375,0.36,11,3,False,False
164,frame_0398.jpg,159.2,0.429,0.537,0.375,0.24,10,3,False,False
165,frame_0025.jpg,10.0,0.4276,0.3052,0.25,1.0,9,2,False,False
166,frame_0096.jpg,38.4,0.4226,0.6471,0.25,0.12,12,2,False,False
167,frame_0289.jpg,115.6,0.4209,0.4628,0.125,0.76,10,1,False,False
168,frame_0188.jpg,75.2,0.4206,0.6003,0.375,0.04,12,3,False,False
169,frame_0269.jpg,107.6,0.4189,0.5968,0.375,0.04,10,3,False,False
170,frame_0082.jpg,32.8,0.4158,0.3345,0.375,0.68,11,3,False,False
171,frame_0324.jpg,129.6,0.4158,0.4995,0.5,0.08,14,4,False,False
172,frame_0226.jpg,90.4,0.4153,0.5897,0.375,0.04,13,3,False,False
173,frame_0223.jpg,89.2,0.4133,0.4626,0.5,0.16,16,4,False,False
174,frame_0281.jpg,112.4,0.4125,0.424,0.375,0.44,8,3,False,False
175,frame_0370.jpg,148.0,0.4117,0.5824,0.375,0.04,13,3,False,False
176,frame_0023.jpg,9.2,0.4096,0.2691,0.25,1.0,10,2,False,False
177,frame_0017.jpg,6.8,0.4075,0.34,0.125,1.0,6,1,False,False
178,frame_0174.jpg,69.6,0.4073,0.5365,0.25,0.32,10,2,False,False
179,frame_0119.jpg,47.6,0.4068,0.3967,0.375,0.48,12,3,False,False
180,frame_0213.jpg,85.2,0.4035,0.3581,0.375,0.56,5,3,False,False
181,frame_0209.jpg,83.6,0.4028,0.4426,0.125,0.72,9,1,False,False
182,frame_0102.jpg,40.8,0.4026,0.5321,0.375,0.12,10,3,False,False
183,frame_0101.jpg,40.4,0.4025,0.5479,0.375,0.08,12,3,False,False
184,frame_0394.jpg,157.6,0.3992,0.4664,0.5,0.08,9,4,False,False
185,frame_0179.jpg,71.6,0.3964,0.5947,0.25,0.12,16,2,False,False
186,frame_0219.jpg,87.6,0.396,0.514,0.25,0.32,9,2,False,False
187,frame_0222.jpg,88.8,0.396,0.4119,0.5,0.2,10,4,False,False
188,frame_0109.jpg,43.6,0.3948,0.4575,0.5,0.08,12,4,False,False
189,frame_0216.jpg,86.4,0.3946,0.4632,0.25,0.44,7,2,False,False
190,frame_0022.jpg,8.8,0.3931,0.3111,0.125,1.0,10,1,False,False
191,frame_0019.jpg,7.6,0.3878,0.3005,0.125,1.0,5,1,False,False
192,frame_0310.jpg,124.0,0.3867,0.5164,0.375,0.08,14,3,False,False
193,frame_0180.jpg,72.0,0.3866,0.5161,0.375,0.08,12,3,False,False
194,frame_0104.jpg,41.6,0.3853,0.5725,0.25,0.12,11,2,False,False
195,frame_0010.jpg,4.0,0.3848,0.3696,0.0,1.0,4,0,False,False
196,frame_0120.jpg,48.0,0.3844,0.5608,0.0,0.52,13,0,False,False
197,frame_0207.jpg,82.8,0.3833,0.2965,0.25,0.8,6,2,False,False
198,frame_0228.jpg,91.2,0.3795,0.518,0.375,0.04,12,3,False,False
199,frame_0171.jpg,68.4,0.3778,0.3546,0.375,0.44,9,3,False,False
200,frame_0172.jpg,68.8,0.3765,0.3679,0.375,0.4,11,3,False,False
201,frame_0087.jpg,34.8,0.3759,0.4098,0.25,0.48,9,2,False,False
202,frame_0309.jpg,123.6,0.375,0.4771,0.375,0.12,12,3,False,False
203,frame_0307.jpg,122.8,0.373,0.5159,0.25,0.2,11,2,False,False
204,frame_0103.jpg,41.2,0.372,0.455,0.375,0.16,11,3,False,False
205,frame_0192.jpg,76.8,0.3716,0.4382,0.375,0.2,8,3,False,False
206,frame_0183.jpg,73.2,0.3715,0.6521,0.125,0.04,9,1,False,False
207,frame_0194.jpg,77.6,0.371,0.4799,0.25,0.28,6,2,False,False
208,frame_0093.jpg,37.2,0.37,0.419,0.375,0.24,8,3,False,False
209,frame_0024.jpg,9.6,0.3687,0.3374,0.0,1.0,10,0,False,False
210,frame_0325.jpg,130.0,0.3677,0.5694,0.25,0.04,16,2,False,False
211,frame_0211.jpg,84.4,0.3668,0.3276,0.25,0.64,8,2,False,False
212,frame_0317.jpg,126.8,0.3659,0.5019,0.25,0.2,10,2,False,False
213,frame_0322.jpg,128.8,0.3658,0.4426,0.375,0.16,11,3,False,False
214,frame_0267.jpg,106.8,0.3603,0.4475,0.375,0.12,7,3,False,False
215,frame_0214.jpg,85.6,0.3581,0.3582,0.25,0.52,5,2,False,False
216,frame_0295.jpg,118.0,0.3561,0.4402,0.0,0.68,6,0,False,False
217,frame_0191.jpg,76.4,0.3555,0.497,0.25,0.16,9,2,False,False
218,frame_0372.jpg,148.8,0.355,0.437,0.375,0.12,15,3,False,False
219,frame_0009.jpg,3.6,0.3541,0.2332,0.125,1.0,5,1,False,False
220,frame_0210.jpg,84.0,0.3515,0.4309,0.0,0.68,6,0,False,False
221,frame_0384.jpg,153.6,0.3515,0.414,0.375,0.16,16,3,False,False
222,frame_0091.jpg,36.4,0.3501,0.4222,0.25,0.32,7,2,False,False
223,frame_0115.jpg,46.0,0.3471,0.4162,0.25,0.32,11,2,False,False
224,frame_0271.jpg,108.4,0.3377,0.4344,0.375,0.04,13,3,False,False
225,frame_0189.jpg,75.6,0.3367,0.4914,0.25,0.08,8,2,False,False
226,frame_0125.jpg,50.0,0.3359,0.3088,0.125,0.72,11,1,False,False
227,frame_0195.jpg,78.0,0.3349,0.3168,0.375,0.32,7,3,False,False
228,frame_0084.jpg,33.6,0.3345,0.354,0.125,0.6,9,1,False,False
229,frame_0196.jpg,78.4,0.3326,0.3712,0.25,0.36,4,2,False,False
230,frame_0300.jpg,120.0,0.3311,0.3202,0.25,0.48,8,2,False,False
231,frame_0027.jpg,10.8,0.3305,0.2609,0.0,1.0,13,0,False,False
232,frame_0205.jpg,82.0,0.3285,0.2189,0.25,0.72,6,2,False,False
233,frame_0218.jpg,87.2,0.3279,0.3617,0.25,0.36,11,2,False,False
234,frame_0212.jpg,84.8,0.3265,0.263,0.25,0.6,7,2,False,False
235,frame_0299.jpg,119.6,0.3136,0.4192,0.0,0.52,8,0,False,False
236,frame_0100.jpg,40.0,0.305,0.5191,0.125,0.04,12,1,False,False
237,frame_0233.jpg,93.2,0.3041,0.3622,0.25,0.24,15,2,False,False
238,frame_0111.jpg,44.4,0.3011,0.4631,0.125,0.16,7,1,False,False
239,frame_0201.jpg,80.4,0.298,0.297,0.125,0.56,4,1,False,False
240,frame_0190.jpg,76.0,0.2954,0.4677,0.125,0.12,8,1,False,False
241,frame_0204.jpg,81.6,0.2943,0.2415,0.125,0.68,8,1,False,False
242,frame_0217.jpg,86.8,0.2896,0.3442,0.125,0.4,10,1,False,False
243,frame_0110.jpg,44.0,0.2852,0.3724,0.25,0.12,8,2,False,False
244,frame_0085.jpg,34.0,0.2791,0.3342,0.0,0.56,8,0,False,False
245,frame_0323.jpg,129.2,0.2785,0.3589,0.25,0.12,12,2,False,False
246,frame_0181.jpg,72.4,0.275,0.459,0.125,0.04,11,1,False,False
247,frame_0224.jpg,89.6,0.2741,0.4251,0.125,0.12,9,1,False,False
248,frame_0112.jpg,44.8,0.2668,0.4535,0.0,0.2,9,0,False,False
249,frame_0198.jpg,79.2,0.2632,0.3505,0.0,0.44,3,0,False,False
250,frame_0313.jpg,125.2,0.2566,0.4222,0.125,0.04,8,1,False,False
251,frame_0092.jpg,36.8,0.2515,0.316,0.125,0.28,11,1,False,False
252,frame_0199.jpg,79.6,0.2502,0.2334,0.125,0.48,3,1,False,False
253,frame_0220.jpg,88.0,0.2451,0.3782,0.0,0.28,9,0,False,False
254,frame_0311.jpg,124.4,0.2419,0.3179,0.25,0.04,14,2,False,False
255,frame_0200.jpg,80.0,0.2361,0.1891,0.125,0.52,5,1,False,False
256,frame_0197.jpg,78.8,0.1892,0.2183,0.0,0.4,2,0,False,False
